Workbook

Sheet Sheet1
C1: Nehru Memorial College, Puthanampatti
C2: Department of Mtahematics
C3: Batch:2023-2026
C4: Subject: Algebra and Trigonometry
A5: S. No. | B5: Name | C5: Roll Number | D5: Interaction with teachers(20) | E5: Flipped Learning(20) | F5: Seminar(20) | G5: Interest shown toward self learning (20) | H5: Weightage(20) CIA & Semester
A6: 1 | B6: PRASANTH R | C6: U23MAT001 | D6: 18 | E6: 20 | F6: 19 | G6: 19 | H6: 19.6
B7: DEEPA.S | C7: U23MAT002 | D7: 16 | E7: 18 | F7: 14 | G7: 15 | H7: 14.4
B8: ELAVARASI T | C8: U23MAT003 | D8: 18 | E8: 20 | F8: 19 | G8: 20 | H8: 19.8
B9: GOBIKA K | C9: U23MAT004 | D9: 16 | E9: 15 | F9: 16 | G9: 14 | H9: 10.8
B10: GOWRI K | C10: U23MAT005 | D10: 20 | E10: 20 | F10: 19 | G10: 20 | H10: 15.2
B11: JANANI S | C11: U23MAT006 | D11: 15 | E11: 14 | F11: 15 | G11: 15 | H11: 13.8
B12: KALANITHI K | C12: U23MAT007 | D12: 20 | E12: 19 | F12: 18 | G12: 17 | H12: 16.2
B13: KAVIYA S | C13: U23MAT008 | D13: 14 | E13: 13 | F13: 12 | G13: 12 | H13: 11.4
B14: LAKSHAYA S | C14: U23MAT009 | D14: 15 | E14: 14 | F14: 14 | G14: 16 | H14: 9.8
B15: MADHURA T J | C15: U23MAT010 | D15: 18 | E15: 13 | F15: 13 | G15: 16 | H15: 10.8
B16: NAMITHA G | C16: U23MAT011 | D16: 16 | E16: 13 | F16: 14 | G16: 15 | H16: 11
B17: SRIMATHI P | C17: U23MAT012 | D17: 12 | E17: 13 | F17: 12 | G17: 13 | H17: 11.4
B18: SUBEDHA M | C18: U23MAT013 | D18: 20 | E18: 19 | F18: 18 | G18: 20 | H18: 18.8
... B22: DHARSINI R | C22: U23MAT017 | D22: 15 | E22: 16 | F22: 14 | G22: 17 | H22: 13.2

Sheet Sheet2
C1: Nehru Memorial College, Puthanampatti
C2: Department of Mtahematics
C3: Batch:2023-2026
C4: Subject: Differential Calculus
A5: S. No. | B5: Name | C5: Roll Number | D5: Interaction with teachers(20) | E5: Flipped Learning(20) | F5: Seminar(20) | G5: Interest shown towards self learning (20) | H5: Weightage(20) CIA & Semester
B6: PRASANTH R | C6: U23MAT001 | D6: 19 | E6: 20 | F6: 19 | G6: 19 | H6: 14.4
B7: DEEPA.S | C7: U23MAT002 | D7: 16 | E7: 17 | F7: 15 | G7: 16 | H7: 15.4
B8: ELAVARASI T | C8: U23MAT003 | D8: 20 | E8: 20 | F8: 19 | G8: 20 | H8: 18.6
B9: GOBIKA K | C9: U23MAT004 | D9: 14 | E9: 15 | F9: 15 | G9: 13 | H9: 12.6
B10: GOWRI K | C10: U23MAT005 | D10: 20 | E10: 20 | F10: 20 | G10: 18 | H10: 16.4
B11: JANANI S | C11: U23MAT006 | D11: 15 | E11: 16 | F11: 16 | G11: 17 | H11: 17.2
B12: KALANITHI K | C12: U23MAT007 | D12: 18 | E12: 19 | F12: 19 | G12: 17 | H12: 16.4
B13: KAVIYA S | C13: U23MAT008 | D13: 13 | E13: 13 | F13: 11 | G13: 12 | H13: 13
B14: LAKSHAYA S | C14: U23MAT009 | D14: 14 | E14: 15 | F14: 14 | G14: 15 | H14: 15.8
B15: MADHURA T J | C15: U23MAT010 | D15: 16 | E15: 14 | F15: 12 | G15: 16 | H15: 10
B16: NAMITHA G | C16: U23MAT011 | D16: 17 | E16: 15 | F16: 13 | G16: 16 | H16: 13.6
B17: SRIMATHI P | C17: U23MAT012 | D17: 12 | E17: 13 | F17: 12 | G17: 13 | H17: 15
... B22: DHARSINI R | C22: U23MAT017 | D22: 14 | E22: 15 | F22: 13 | G22: 15 | H22: 10.2

Sheet FinalSem1
C1: Nehru Memorial College, Puthanampatti
C2: Department of Mathematics
C3: Batch:2023-2026
C4: Slow and Advance Learners-Semester 1
A5: S. No. | B5: Name | C5: Roll Number | D5: Interaction with teachers(20) | E5: Flipped Learning(20) | F5: Seminar(20) | G5: Interest shown towards self learning (20) | H5: Weightage(20) CIA & Semester | I5: Final Score | J5: SL & AL
B6: PRASANTH R | C6: U23MAT001 | D6: =SUM(Sheet1!D6+Sheet2!D6)/2 -> 18.5 | E6: =SUM(Sheet1!E6+Sheet2!E6)/2 -> 20 | F6: =SUM(Sheet1!F6+Sheet2!F6)/2 -> 19 | G6: =SUM(Sheet1!G6+Sheet2!G6)/2 -> 19 | H6: =SUM(Sheet1!H6+Sheet2!H6)/2 -> 17 | I6: =SUM(D10+E10+F10+G10+H10) -> 94.3 | J6: AL
B7: DEEPA.S | C7: U23MAT002 | D7: =SUM(Sheet1!D7+Sheet2!D7)/2 -> 16 | E7: =SUM(Sheet1!E7+Sheet2!E7)/2 -> 17.5 | F7: =SUM(Sheet1!F7+Sheet2!F7)/2 -> 14.5 | G7: =SUM(Sheet1!G7+Sheet2!G7)/2 -> 15.5 | H7: =SUM(Sheet1!H7+Sheet2!H7)/2 -> 14.9 | I7: =SUM(D11+E11+F11+G11+H11) -> 77 | J7: SL
B8: ELAVARASI T | C8: U23MAT003 | D8: =SUM(Sheet1!D8+Sheet2!D8)/2 -> 19 | E8: =SUM(Sheet1!E8+Sheet2!E8)/2 -> 20 | F8: =SUM(Sheet1!F8+Sheet2!F8)/2 -> 19 | G8: =SUM(Sheet1!G8+Sheet2!G8)/2 -> 20 | H8: =SUM(Sheet1!H8+Sheet2!H8)/2 -> 19.2 | I8: =SUM(D12+E12+F12+G12+H12) -> 89.8 | J8: AL
B9: GOBIKA K | C9: U23MAT004 | D9: =SUM(Sheet1!D9+Sheet2!D9)/2 -> 15 | E9: =SUM(Sheet1!E9+Sheet2!E9)/2 -> 15 | F9: =SUM(Sheet1!F9+Sheet2!F9)/2 -> 15.5 | G9: =SUM(Sheet1!G9+Sheet2!G9)/2 -> 13.5 | H9: =SUM(Sheet1!H9+Sheet2!H9)/2 -> 11.7 | I9: =SUM(D13+E13+F13+G13+H13) -> 62.2 | J9: SL
B10: GOWRI K | C10: U23MAT005 | D10: =SUM(Sheet1!D10+Sheet2!D10)/2 -> 20 | E10: =SUM(Sheet1!E10+Sheet2!E10)/2 -> 20 | F10: =SUM(Sheet1!F10+Sheet2!F10)/2 -> 19.5 | G10: =SUM(Sheet1!G10+Sheet2!G10)/2 -> 19 | H10: =SUM(Sheet1!H10+Sheet2!H10)/2 -> 15.8 | I10: =SUM(D14+E14+F14+G14+H14) -> 71.3 | J10: SL
B11: JANANI S | C11: U23MAT006 | D11: =SUM(Sheet1!D11+Sheet2!D11)/2 -> 15 | E11: =SUM(Sheet1!E11+Sheet2!E11)/2 -> 15 | F11: =SUM(Sheet1!F11+Sheet2!F11)/2 -> 15.5 | G11: =SUM(Sheet1!G11+Sheet2!G11)/2 -> 16 | H11: =SUM(Sheet1!H11+Sheet2!H11)/2 -> 15.5 | I11: =SUM(D15+E15+F15+G15+H15) -> 69.4 | J11: SL
B12: KALANITHI K | C12: U23MAT007 | D12: =SUM(Sheet1!D12+Sheet2!D12)/2 -> 19 | E12: =SUM(Sheet1!E12+Sheet2!E12)/2 -> 19 | F12: =SUM(Sheet1!F12+Sheet2!F12)/2 -> 18.5 | G12: =SUM(Sheet1!G12+Sheet2!G12)/2 -> 17 | H12: =SUM(Sheet1!H12+Sheet2!H12)/2 -> 16.3 | I12: =SUM(D16+E16+F16+G16+H16) -> 71.8 | J12: SL
B13: KAVIYA S | C13: U23MAT008 | D13: =SUM(Sheet1!D13+Sheet2!D13)/2 -> 13.5 | E13: =SUM(Sheet1!E13+Sheet2!E13)/2 -> 13 | F13: =SUM(Sheet1!F13+Sheet2!F13)/2 -> 11.5 | G13: =SUM(Sheet1!G13+Sheet2!G13)/2 -> 12 | H13: =SUM(Sheet1!H13+Sheet2!H13)/2 -> 12.2 | I13: =SUM(D17+E17+F17+G17+H17) -> 63.2 | J13: SL
B14: LAKSHAYA S | C14: U23MAT009 | D14: =SUM(Sheet1!D14+Sheet2!D14)/2 -> 14.5 | E14: =SUM(Sheet1!E14+Sheet2!E14)/2 -> 14.5 | F14: =SUM(Sheet1!F14+Sheet2!F14)/2 -> 14 | G14: =SUM(Sheet1!G14+Sheet2!G14)/2 -> 15.5 | H14: =SUM(Sheet1!H14+Sheet2!H14)/2 -> 12.8 | I14: =SUM(D18+E18+F18+G18+H18) -> 95.7 | J14: AL
B15: MADHURA T J | C15: U23MAT010 | D15: =SUM(Sheet1!D15+Sheet2!D15)/2 -> 17 | E15: =SUM(Sheet1!E15+Sheet2!E15)/2 -> 13.5 | F15: =SUM(Sheet1!F15+Sheet2!F15)/2 -> 12.5 | G15: =SUM(Sheet1!G15+Sheet2!G15)/2 -> 16 | H15: =SUM(Sheet1!H15+Sheet2!H15)/2 -> 10.4 | I15: =SUM(D19+E19+F19+G19+H19) -> 71.6 | J15: SL
B16: NAMITHA G | C16: U23MAT011 | D16: =SUM(Sheet1!D16+Sheet2!D16)/2 -> 16.5 | E16: =SUM(Sheet1!E16+Sheet2!E16)/2 -> 14 | F16: =SUM(Sheet1!F16+Sheet2!F16)/2 -> 13.5 | G16: =SUM(Sheet1!G16+Sheet2!G16)/2 -> 15.5 | H16: =SUM(Sheet1!H16+Sheet2!H16)/2 -> 12.3 | I16: =SUM(D20+E20+F20+G20+H20) -> 84.6 | J16: AL
B17: SRIMATHI P | C17: U23MAT012 | D17: =SUM(Sheet1!D17+Sheet2!D17)/2 -> 12 | E17: =SUM(Sheet1!E17+Sheet2!E17)/2 -> 13 | F17: =SUM(Sheet1!F17+Sheet2!F17)/2 -> 12 | G17: =SUM(Sheet1!G17+Sheet2!G17)/2 -> 13 | H17: =SUM(Sheet1!H17+Sheet2!H17)/2 -> 13.2 | I17: =SUM(D21+E21+F21+G21+H21) -> 62.7 | J17: SL
B18: SUBEDHA M | C18: U23MAT013 | D18: =SUM(Sheet1!D18+Sheet2!D18)/2 -> 20 | E18: =SUM(Sheet1!E18+Sheet2!E18)/2 -> 19.5 | F18: =SUM(Sheet1!F18+Sheet2!F18)/2 -> 18 | G18: =SUM(Sheet1!G18+Sheet2!G18)/2 -> 20 | H18: =SUM(Sheet1!H18+Sheet2!H18)/2 -> 18.2 | I18: =SUM(D22+E22+F22+G22+H22) -> 71.2 | J18: SL
B19: SUSRUTHA M | C19: U23MAT014 | D19: =SUM(Sheet1!D19+Sheet2!D19)/2 -> 11 | E19: =SUM(Sheet1!E19+Sheet2!E19)/2 -> 15 | F19: =SUM(Sheet1!F19+Sheet2!F19)/2 -> 16 | G19: =SUM(Sheet1!G19+Sheet2!G19)/2 -> 20 | H19: =SUM(Sheet1!H19+Sheet2!H19)/2 -> 9.6 | I19: =SUM(D19+E19+F19+G19+H19) -> 71.6 | J19: SL
B20: USHA A | C20: U23MAT015 | D20: =SUM(Sheet1!D20+Sheet2!D20)/2 -> 16 | E20: =SUM(Sheet1!E20+Sheet2!E20)/2 -> 18 | F20: =SUM(Sheet1!F20+Sheet2!F20)/2 -> 15 | G20: =SUM(Sheet1!G20+Sheet2!G20)/2 -> 17.5 | H20: =SUM(Sheet1!H20+Sheet2!H20)/2 -> 18.1 | I20: =SUM(D20+E20+F20+G20+H20) -> 84.6 | J20: SL
B21: PRIYANGA P | C21: U23MAT016 | D21: =SUM(Sheet1!D21+Sheet2!D21)/2 -> 13.5 | E21: =SUM(Sheet1!E21+Sheet2!E21)/2 -> 13.5 | F21: =SUM(Sheet1!F21+Sheet2!F21)/2 -> 13 | G21: =SUM(Sheet1!G21+Sheet2!G21)/2 -> 12 | H21: =SUM(Sheet1!H21+Sheet2!H21)/2 -> 10.7 | I21: =SUM(D21+E21+F21+G21+H21) -> 62.7 | J21: SL
B22: DHARSINI R | C22: U23MAT017 | D22: =SUM(Sheet1!D22+Sheet2!D22)/2 -> 14.5 | E22: =SUM(Sheet1!E22+Sheet2!E22)/2 -> 15.5 | F22: =SUM(Sheet1!F22+Sheet2!F22)/2 -> 13.5 | G22: =SUM(Sheet1!G22+Sheet2!G22)/2 -> 16 | H22: =SUM(Sheet1!H22+Sheet2!H22)/2 -> 11.7 | I22: =SUM(D22+E22+F22+G22+H22) -> 71.2 | J22: SL

Sheet Sheet3
C1: Nehru Memorial College, Puthanampatti
C2: Department of Mathematics
C3: Batch:2023-2026
C4: Subject: Differential Equation and its Applications
A5: S. No. | B5: Name | C5: Roll Number | D5: Interaction with teachers(20) | E5: Flipped Learning(20) | F5: Seminar(20) | G5: Interest shown towards self learning (20) | H5: Weightage(20) CIA & Semester
B6: PRASANTH R | C6: U23MAT001 | D6: 19 | E6: 20 | F6: 19 | G6: 20 | H6: 19.8
B7: DEEPA.S | C7: U23MAT002 | D7: 16 | E7: 18 | F7: 14 | G7: 15 | H7: 17.8
B8: ELAVARASI T | C8: U23MAT003 | D8: 18 | E8: 20 | F8: 19 | G8: 20 | H8: 20
B9: GOBIKA K | C9: U23MAT004 | D9: 14 | E9: 15 | F9: 15 | G9: 11 | H9: 12.6
B10: GOWRI K | C10: U23MAT005 | D10: 20 | E10: 20 | F10: 20 | G10: 20 | H10: 19.2
B11: JANANI S | C11: U23MAT006 | D11: 15 | E11: 16 | F11: 15 | G11: 18 | H11: 18.4
B12: KALANITHI K | C12: U23MAT007 | D12: 20 | E12: 20 | F12: 18 | G12: 19 | H12: 19.2
B13: KAVIYA S | C13: U23MAT008 | D13: 14 | E13: 17 | F13: 14 | G13: 18 | H13: 15.2
B14: LAKSHAYA S | C14: U23MAT009 | D14: 17 | E14: 18 | F14: 15 | G14: 18 | H14: 17
B15: MADHURA T J | C15: U23MAT010 | D15: 10 | E15: 13 | F15: 15 | G15: 13 | H15: 10.8
B16: NAMITHA G | C16: U23MAT011 | D16: 16 | E16: 15 | F16: 13 | G16: 16 | H16: 16.4
B17: SRIMATHI P | C17: U23MAT012 | D17: 12 | E17: 13 | F17: 11 | G17: 13 | H17: 14
... B22: DHARSINI R | C22: U23MAT017 | D22: 15 | E22: 15 | F22: 14 | G22: 17 | H22: 13.2

Sheet Sheet4
C1: Nehru Memorial College, Puthanampatti
C2: Department of Mathematics
C3: Batch:2023-2026
C4: Subject: Basic Linear Algebra
A5: S. No. | B5: Name | C5: Roll Number | D5: Interaction with teachers(20) | E5: Flipped Learning(20) | F5: Seminar(20) | G5: Interest shown towards self learning (20) | H5: Weightage(20) CIA & Semester
B6: PRASANTH R | C6: U23MAT001 | D6: 18 | E6: 20 | F6: 17 | G6: 19 | H6: 18
B7: DEEPA.S | C7: U23MAT002 | D7: 17 | E7: 16 | F7: 14 | G7: 16 | H7: 16.2
B8: ELAVARASI T | C8: U23MAT003 | D8: 17 | E8: 20 | F8: 18 | G8: 20 | H8: 19.4
B9: GOBIKA K | C9: U23MAT004 | D9: 17 | E9: 15 | F9: 15 | G9: 15 | H9: 10.4
B10: GOWRI K | C10: U23MAT005 | D10: 19 | E10: 20 | F10: 19 | G10: 20 | H10: 15.2
B11: JANANI S | C11: U23MAT006 | D11: 16 | E11: 16 | F11: 17 | G11: 18 | H11: 17.2
B12: KALANITHI K | C12: U23MAT007 | D12: 20 | E12: 19 | F12: 18 | G12: 18 | H12: 16.6
B13: KAVIYA S | C13: U23MAT008 | D13: 15 | E13: 12 | F13: 13 | G13: 12 | H13: 9
B14: LAKSHAYA S | C14: U23MAT009 | D14: 18 | E14: 16 | F14: 15 | G14: 18 | H14: 15
B15: MADHURA T J | C15: U23MAT010 | D15: 18 | E15: 17 | F15: 13 | G15: 16 | H15: 12.4
B16: NAMITHA G | C16: U23MAT011 | D16: 18 | E16: 13 | F16: 16 | G16: 15 | H16: 11.6
B17: SRIMATHI P | C17: U23MAT012 | D17: 15 | E17: 14 | F17: 14 | G17: 16 | H17: 13.8
... B22: DHARSINI R | C22: U23MAT017 | D22: 16 | E22: 15 | F22: 15 | G22: 17 | H22: 16

Sheet Sheet5
C1: Nehru Memorial College, Puthanampatti
C2: Department of Mathematics
C3: Batch:2023-2026
C4: Subject: Integral Calculus With GeoGebra Lab
A5: S. No. | B5: Name | C5: Roll Number | D5: Interaction with teachers(20) | E5: Flipped Learning(20) | F5: Seminar(20) | G5: Interest shown towards self learning (20) | H5: Weightage(20) CIA & Semester
B6: PRASANTH R | C6: U23MAT001 | D6: 18 | E6: 20 | F6: 17 | G6: 19 | H6: 20
B7: DEEPA.S | C7: U23MAT002 | D7: 17 | E7: 16 | F7: 14 | G7: 16 | H7: 17.8
B8: ELAVARASI T | C8: U23MAT003 | D8: 17 | E8: 20 | F8: 18 | G8: 20 | H8: 19
B9: GOBIKA K | C9: U23MAT004 | D9: 17 | E9: 15 | F9: 15 | G9: 15 | H9: 18.4
B10: GOWRI K | C10: U23MAT005 | D10: 19 | E10: 20 | F10: 19 | G10: 20 | H10: 19
B11: JANANI S | C11: U23MAT006 | D11: 16 | E11: 16 | F11: 17 | G11: 18 | H11: 19
B12: KALANITHI K | C12: U23MAT007 | D12: 20 | E12: 19 | F12: 18 | G12: 18 | H12: 19
B13: KAVIYA S | C13: U23MAT008 | D13: 15 | E13: 12 | F13: 13 | G13: 12 | H13: 13.2
B14: LAKSHAYA S | C14: U23MAT009 | D14: 18 | E14: 16 | F14: 15 | G14: 18 | H14: 18.6
B15: MADHURA T J | C15: U23MAT010 | D15: 18 | E15: 17 | F15: 13 | G15: 16 | H15: 19
B16: NAMITHA G | C16: U23MAT011 | D16: 18 | E16: 13 | F16: 16 | G16: 15 | H16: 19
B17: SRIMATHI P | C17: U23MAT012 | D17: 15 | E17: 14 | F17: 14 | G17: 16 | H17: 15.8
... B21: PRIYANGA P | C21: U23MAT016 | D21: 14 | E21: 15 | F21: 14 | G21: 14 | H21: 15.2
B22: DHARSINI R | C22: U23MAT017 | D22: 16 | E22: 15 | F22: 15 | G22: 17 | H22: 13.4 | I22: 13.4

Sheet FinalSem2
C1: Nehru Memorial College, Puthanampatti
C2: Department of Mathematics
C3: Batch:2023-2026
C4: Slow and Advance Learners-Semester 2
A5: S. No. | B5: Name | C5: Roll Number | D5: Interaction with teachers(20) | E5: Flipped Learning(20) | F5: Seminar(20) | G5: Interest shown towards self learning (20) | H5: Weightage(20) CIA & Semester | I5: Final Score | J5: SL &AL
B6: PRASANTH R | C6: U23MAT001 | D6: =SUM(Sheet3!D6+Sheet4!D6+Sheet5!D6)/3 -> 18.333333 | E6: 20 | F6: 17 | G6: 19 | H6: 20 | I6: =SUM(D6+E6+F6+G6+H6) -> 94.333333 | J6: AL
B7: DEEPA.S | C7: U23MAT002 | D7: =SUM(Sheet3!D7+Sheet4!D7+Sheet5!D7)/3 -> 16.666667 | E7: 16 | F7: 14 | G7: 16 | H7: 17.8 | I7: =SUM(D7+E7+F7+G7+H7) -> 80.466667 | J7: AL
B8: ELAVARASI T | C8: U23MAT003 | D8: =SUM(Sheet3!D8+Sheet4!D8+Sheet5!D8)/3 -> 17.333333 | E8: =SUM(Sheet3!E8+Sheet4!E8+Sheet5!E8)/3 -> 20 | F8: =SUM(Sheet3!F8+Sheet4!F8+Sheet5!F8)/3 -> 18.333333 | G8: =SUM(Sheet3!G8+Sheet4!G8+Sheet5!G8)/3 -> 20 | H8: =SUM(Sheet3!H8+Sheet4!H8+Sheet5!H8)/3 -> 19.466667 | I8: =SUM(D8+E8+F8+G8+H8) -> 95.133333 | J8: AL
B9: GOBIKA K | C9: U23MAT004 | D9: =SUM(Sheet3!D9+Sheet4!D9+Sheet5!D9)/3 -> 16 | E9: =SUM(Sheet3!E9+Sheet4!E9+Sheet5!E9)/3 -> 15 | F9: =SUM(Sheet3!F9+Sheet4!F9+Sheet5!F9)/3 -> 15 | G9: =SUM(Sheet3!G9+Sheet4!G9+Sheet5!G9)/3 -> 13.666667 | H9: =SUM(Sheet3!H9+Sheet4!H9+Sheet5!H9)/3 -> 13.8 | I9: =SUM(D9+E9+F9+G9+H9) -> 73.466667 | J9: SL
B10: GOWRI K | C10: U23MAT005 | D10: =SUM(Sheet3!D10+Sheet4!D10+Sheet5!D10)/3 -> 19.333333 | E10: =SUM(Sheet3!E10+Sheet4!E10+Sheet5!E10)/3 -> 20 | F10: =SUM(Sheet3!F10+Sheet4!F10+Sheet5!F10)/3 -> 19.333333 | G10: =SUM(Sheet3!G10+Sheet4!G10+Sheet5!G10)/3 -> 20 | H10: =SUM(Sheet3!H10+Sheet4!H10+Sheet5!H10)/3 -> 17.8 | I10: =SUM(D10+E10+F10+G10+H10) -> 96.466667 | J10: AL
B11: JANANI S | C11: U23MAT006 | D11: =SUM(Sheet3!D11+Sheet4!D11+Sheet5!D11)/3 -> 15.666667 | E11: =SUM(Sheet3!E11+Sheet4!E11+Sheet5!E11)/3 -> 16 | F11: =SUM(Sheet3!F11+Sheet4!F11+Sheet5!F11)/3 -> 16.333333 | G11: =SUM(Sheet3!G11+Sheet4!G11+Sheet5!G11)/3 -> 18 | H11: =SUM(Sheet3!H11+Sheet4!H11+Sheet5!H11)/3 -> 18.2 | I11: =SUM(D11+E11+F11+G11+H11) -> 84.2 | J11: AL
B12: KALANITHI K | C12: U23MAT007 | D12: =SUM(Sheet3!D12+Sheet4!D12+Sheet5!D12)/3 -> 20 | E12: =SUM(Sheet3!E12+Sheet4!E12+Sheet5!E12)/3 -> 19.333333 | F12: =SUM(Sheet3!F12+Sheet4!F12+Sheet5!F12)/3 -> 18 | G12: =SUM(Sheet3!G12+Sheet4!G12+Sheet5!G12)/3 -> 18.333333 | H12: =SUM(Sheet3!H12+Sheet4!H12+Sheet5!H12)/3 -> 18.266667 | I12: =SUM(D12+E12+F12+G12+H12) -> 93.933333 | J12: AL
B13: KAVIYA S | C13: U23MAT008 | D13: =SUM(Sheet3!D13+Sheet4!D13+Sheet5!D13)/3 -> 14.666667 | E13: =SUM(Sheet3!E13+Sheet4!E13+Sheet5!E13)/3 -> 13.666667 | F13: =SUM(Sheet3!F13+Sheet4!F13+Sheet5!F13)/3 -> 13.333333 | G13: =SUM(Sheet3!G13+Sheet4!G13+Sheet5!G13)/3 -> 14 | H13: =SUM(Sheet3!H13+Sheet4!H13+Sheet5!H13)/3 -> 12.466667 | I13: =SUM(D13+E13+F13+G13+H13) -> 68.133333 | J13: AL
B14: LAKSHAYA S | C14: U23MAT009 | D14: =SUM(Sheet3!D14+Sheet4!D14+Sheet5!D14)/3 -> 17.666667 | E14: =SUM(Sheet3!E14+Sheet4!E14+Sheet5!E14)/3 -> 16.666667 | F14: =SUM(Sheet3!F14+Sheet4!F14+Sheet5!F14)/3 -> 15 | G14: =SUM(Sheet3!G14+Sheet4!G14+Sheet5!G14)/3 -> 18 | H14: =SUM(Sheet3!H14+Sheet4!H14+Sheet5!H14)/3 -> 16.866667 | I14: =SUM(D14+E14+F14+G14+H14) -> 84.2 | J14: AL
B15: MADHURA T J | C15: U23MAT010 | D15: =SUM(Sheet3!D15+Sheet4!D15+Sheet5!D15)/3 -> 15.333333 | E15: =SUM(Sheet3!E15+Sheet4!E15+Sheet5!E15)/3 -> 15.666667 | F15: =SUM(Sheet3!F15+Sheet4!F15+Sheet5!F15)/3 -> 13.666667 | G15: =SUM(Sheet3!G15+Sheet4!G15+Sheet5!G15)/3 -> 15 | H15: =SUM(Sheet3!H15+Sheet4!H15+Sheet5!H15)/3 -> 14.066667 | I15: =SUM(D15+E15+F15+G15+H15) -> 73.733333 | J15: SL
B16: NAMITHA G | C16: U23MAT011 | D16: =SUM(Sheet3!D16+Sheet4!D16+Sheet5!D16)/3 -> 17.333333 | E16: =SUM(Sheet3!E16+Sheet4!E16+Sheet5!E16)/3 -> 13.666667 | F16: =SUM(Sheet3!F16+Sheet4!F16+Sheet5!F16)/3 -> 15 | G16: =SUM(Sheet3!G16+Sheet4!G16+Sheet5!G16)/3 -> 15.333333 | H16: =SUM(Sheet3!H16+Sheet4!H16+Sheet5!H16)/3 -> 15.666667 | I16: =SUM(D16+E16+F16+G16+H16) -> 77 | J16: SL
B17: SRIMATHI P | C17: U23MAT012 | D17: =SUM(Sheet3!D17+Sheet4!D17+Sheet5!D17)/3 -> 14 | E17: =SUM(Sheet3!E17+Sheet4!E17+Sheet5!E17)/3 -> 13.666667 | F17: =SUM(Sheet3!F17+Sheet4!F17+Sheet5!F17)/3 -> 13 | G17: =SUM(Sheet3!G17+Sheet4!G17+Sheet5!G17)/3 -> 15 | H17: =SUM(Sheet3!H17+Sheet4!H17+Sheet5!H17)/3 -> 14.533333 | I17: =SUM(D17+E17+F17+G17+H17) -> 70.2 | J17: SL
B18: SUBEDHA M | C18: U23MAT013 | D18: =SUM(Sheet3!D18+Sheet4!D18+Sheet5!D18)/3 -> 19.333333 | E18: =SUM(Sheet3!E18+Sheet4!E18+Sheet5!E18)/3 -> 18.666667 | F18: =SUM(Sheet3!F18+Sheet4!F18+Sheet5!F18)/3 -> 18.666667 | G18: =SUM(Sheet3!G18+Sheet4!G18+Sheet5!G18)/3 -> 19.333333 | H18: =SUM(Sheet3!H18+Sheet4!H18+Sheet5!H18)/3 -> 18.866667 | I18: =SUM(D18+E18+F18+G18+H18) -> 94.866667 | J18: AL
B19: SUSRUTHA M | C19: U23MAT014 | D19: =SUM(Sheet3!D19+Sheet4!D19+Sheet5!D19)/3 -> 16 | E19: =SUM(Sheet3!E19+Sheet4!E19+Sheet5!E19)/3 -> 18 | F19: =SUM(Sheet3!F19+Sheet4!F19+Sheet5!F19)/3 -> 14.666667 | G19: =SUM(Sheet3!G19+Sheet4!G19+Sheet5!G19)/3 -> 18 | H19: =SUM(Sheet3!H19+Sheet4!H19+Sheet5!H19)/3 -> 16.533333 | I19: =SUM(D19+E19+F19+G19+H19) -> 83.2 | J19: AL
... B21: PRIYANGA P | C21: U23MAT016 | D21: =SUM(Sheet3!D21+Sheet4!D21+Sheet5!D21)/3 -> 13.666667 | E21: =SUM(Sheet3!E21+Sheet4!E21+Sheet5!E21)/3 -> 14.666667 | F21: =SUM(Sheet3!F21+Sheet4!F21+Sheet5!F21)/3 -> 13.666667 | G21: =SUM(Sheet3!G21+Sheet4!G21+Sheet5!G21)/3 -> 13.333333 | H21: =SUM(Sheet3!H21+Sheet4!H21+Sheet5!H21)/3 -> 14.133333 | I21: =SUM(D21+E21+F21+G21+H21) -> 69.466667 | J21: SL
B22: DHARSINI R | C22: U23MAT017 | D22: =ROUND(SUM(Sheet3!D22+Sheet4!D22+Sheet5!D22)/3,0) -> 16 | E22: =SUM(Sheet3!E22+Sheet4!E22+Sheet5!E22)/3 -> 15 | F22: =SUM(Sheet3!F22+Sheet4!F22+Sheet5!F22)/3 -> 14.666667 | G22: =SUM(Sheet3!G22+Sheet4!G22+Sheet5!G22)/3 -> 17 | H22: =SUM(Sheet3!H22+Sheet4!H22+Sheet5!H22)/3 -> 14.2 | I22: =SUM(D22+E22+F22+G22+H22) -> 76.866667 | J22: SL
